filename,acc,ppv_N,tpr_N,f1_N,ppv_R,tpr_R,f1_R,ppv_W,tpr_W,f1_W,ppv_A,tpr_A,f1_A
C:/Users/javig/Desktop/SPINDLE dataset/SPINDLE dataset/data (original)/CohortA/recordings/A1.edf,0.8640025930727913,0.8106889164505581,0.98063284233497,0.8875995308931546,0.9468013468013468,0.9065119277885235,0.9262187088274044,0.9696039603960396,0.8622875759443515,0.9128023488838142,0.23642732049036777,0.19911504424778761,0.21617293835068055
C:/Users/javig/Desktop/SPINDLE dataset/SPINDLE dataset/data (original)/CohortA/recordings/A2.edf,0.8461289127616225,0.8457738748627881,0.9825299668451926,0.9090372817366683,0.8499669530733642,0.9625748502994012,0.9027729027729028,0.9150619340064536,0.8576585365853658,0.885430830437629,0.3594436310395315,0.22647601476014761,0.27787209960384834
C:/Users/javig/Desktop/SPINDLE dataset/SPINDLE dataset/data (original)/CohortA/recordings/A3.edf,0.7475921466938322,0.7300944669365722,0.955127262027365,0.8275862068965517,0.6339754816112084,0.9696428571428571,0.7666784327567949,0.8317104149026249,0.8177750026017275,0.8246838432072205,0.4594944912508101,0.1742014742014742,0.2526278282558347
C:/Users/javig/Desktop/SPINDLE dataset/SPINDLE dataset/data (original)/CohortA/recordings/A4.edf,0.684571216892017,0.6941283568502503,0.975531744762514,0.8111162821620902,0.6189989785495403,0.9711538461538461,0.7560823456019963,0.6591788478073947,0.9480599783583243,0.7776580232042096,0.8661060802069858,0.1755835300288487,0.2919755778456171
