filename,acc,ppv_N,tpr_N,f1_N,ppv_R,tpr_R,f1_R,ppv_W,tpr_W,f1_W,ppv_A,tpr_A,f1_A
C:/Users/javig/Desktop/SPINDLE dataset/SPINDLE dataset/data (original)/CohortA/recordings/A1.edf,0.9041026115947398,0.9376479873717443,0.9537791031081546,0.9456447577894018,0.8949494949494949,0.949964260185847,0.9216366158113731,0.9476237623762376,0.8823637872222735,0.9138301427412039,0.27057793345008757,0.4896988906497623,0.34856175972927245
C:/Users/javig/Desktop/SPINDLE dataset/SPINDLE dataset/data (original)/CohortA/recordings/A2.edf,0.8043156140025931,0.9623490669593853,0.9569915948040607,0.9596628537025889,0.7567746199603437,0.9711620016963528,0.850668647845468,0.6928281461434371,0.8812392426850258,0.7757575757575756,0.5871156661786238,0.21658115041857953,0.3164332215427106
C:/Users/javig/Desktop/SPINDLE dataset/SPINDLE dataset/data (original)/CohortA/recordings/A3.edf,0.805519540655677,0.942757534862798,0.9337268879483182,0.9382204812534974,0.6643315820198482,0.9726495726495726,0.7894554283732222,0.7576206604572396,0.8433081998114986,0.7981712756467441,0.4646791963707064,0.24222972972972973,0.318454363757495
C:/Users/javig/Desktop/SPINDLE dataset/SPINDLE dataset/data (original)/CohortA/recordings/A4.edf,0.8471939248008891,0.9539144287664998,0.9528301886792453,0.9533720004549074,0.695097037793667,0.9756272401433692,0.8118103191172085,0.7786973344797936,0.9339951011989172,0.8493054334446984,0.8454075032341527,0.3584750411409764,0.5034668721109399
