filename,acc,ppv_N,tpr_N,f1_N,ppv_R,tpr_R,f1_R,ppv_W,tpr_W,f1_W
C:/Users/javig/Desktop/SPINDLE dataset/SPINDLE dataset/data (original)/CohortA/recordings/A1.edf,0.9494071146245059,0.8941497273177987,0.9839061647572286,0.9368831168831168,0.9579375848032564,0.9103803997421018,0.9335537190082643,0.9899046550757151,0.9324645593026327,0.9603264565858083
C:/Users/javig/Desktop/SPINDLE dataset/SPINDLE dataset/data (original)/CohortA/recordings/A2.edf,0.9590796788140827,0.9300783604581073,0.9838051517470033,0.9561876433042078,0.8823529411764706,0.9655688622754491,0.9220872051465333,0.9955537172991418,0.9393170731707317,0.9666181416595552
C:/Users/javig/Desktop/SPINDLE dataset/SPINDLE dataset/data (original)/CohortA/recordings/A3.edf,0.9269085929476206,0.8809652928416486,0.956010004413712,0.9169547731602342,0.7447528774542993,0.9821428571428571,0.8471313053523297,0.9970021907067912,0.899885523987928,0.9459577726725742
C:/Users/javig/Desktop/SPINDLE dataset/SPINDLE dataset/data (original)/CohortA/recordings/A4.edf,0.9770937723693629,0.980093112859207,0.9763313609467456,0.9782086204133954,0.8833819241982507,0.9711538461538461,0.9251908396946565,0.9943476212906265,0.9789766579069408,0.9866022744975854
