filename,acc,ppv_N,tpr_N,f1_N,ppv_R,tpr_R,f1_R,ppv_W,tpr_W,f1_W
C:/Users/javig/Desktop/SPINDLE dataset/SPINDLE dataset/data (original)/CohortA/recordings/A1.edf,0.953398521345099,0.937647190759224,0.958940245440991,0.9481741891585393,0.8941018766756033,0.9535382416011436,0.9228640608785887,0.9750852595680182,0.9489259703143726,0.9618277811521749
C:/Users/javig/Desktop/SPINDLE dataset/SPINDLE dataset/data (original)/CohortA/recordings/A2.edf,0.9564075336723858,0.9683607099548011,0.9588472874140378,0.9635805177709522,0.7742587601078167,0.9745547073791349,0.8629365377393916,0.9784682474788771,0.9506156494108301,0.9643408770398226
C:/Users/javig/Desktop/SPINDLE dataset/SPINDLE dataset/data (original)/CohortA/recordings/A3.edf,0.9371109680188882,0.9458394324963405,0.9356204054355091,0.9407021669746346,0.6744730679156908,0.9846153846153847,0.8005559416261293,0.9832235615757425,0.9321394910461829,0.9570003023888721
C:/Users/javig/Desktop/SPINDLE dataset/SPINDLE dataset/data (original)/CohortA/recordings/A4.edf,0.9593871866295265,0.9676677022206881,0.9558990679699931,0.9617473840699869,0.8154583582983823,0.9756272401433692,0.8883812010443864,0.9815546772068511,0.9604228438829444,0.970873786407767
